IP Address,Port,Code,Country,Anonymity,Google,Https,Last Checked
151.80.140.233,54566,FR,France,anonymous,no,yes,6 seconds ago
65.61.106.139,8080,US,United States,elite proxy,no,no,6 seconds ago
206.189.91.246,80,SG,Singapore,elite proxy,no,yes,6 seconds ago
172.104.122.225,8118,JP,Japan,anonymous,no,no,6 seconds ago
185.93.3.123,8080,ES,Spain,anonymous,no,yes,6 seconds ago
139.255.117.42,8080,ID,Indonesia,elite proxy,no,no,6 seconds ago
159.89.133.123,3128,US,United States,elite proxy,no,yes,6 seconds ago
88.147.142.25,8080,RU,Russian Federation,anonymous,no,no,6 seconds ago
35.231.20.36,80,US,United States,anonymous,no,yes,6 seconds ago
153.149.168.44,3128,JP,Japan,elite proxy,no,yes,6 seconds ago
35.196.113.246,47777,US,United States,elite proxy,no,yes,6 seconds ago
89.38.146.15,80,GB,United Kingdom,anonymous,no,no,6 seconds ago
103.78.213.147,80,ID,Indonesia,anonymous,no,no,6 seconds ago
145.249.105.25,8118,NL,Netherlands,elite proxy,no,yes,6 seconds ago
80.211.11.90,53,IT,Italy,elite proxy,no,yes,6 seconds ago
80.48.119.28,8080,PL,Poland,elite proxy,no,no,6 seconds ago
203.236.50.51,808,KR,"Korea, Republic of",elite proxy,no,no,6 seconds ago
140.82.44.138,3128,US,United States,anonymous,no,yes,6 seconds ago
5.45.85.125,1490,NL,Netherlands,anonymous,no,no,6 seconds ago
52.67.32.10,80,BR,Brazil,elite proxy,no,no,6 seconds ago
167.99.188.36,3128,CA,Canada,anonymous,no,yes,6 seconds ago
45.76.129.237,8080,GB,United Kingdom,elite proxy,no,yes,6 seconds ago
35.233.220.254,47777,US,United States,elite proxy,no,yes,6 seconds ago
35.202.43.130,47777,US,United States,elite proxy,no,yes,6 seconds ago
80.254.121.66,31588,RU,Russian Federation,elite proxy,no,yes,6 seconds ago
181.192.6.171,53281,AR,Argentina,elite proxy,no,yes,6 seconds ago
47.206.51.67,8080,US,United States,elite proxy,no,yes,6 seconds ago
34.231.247.236,80,US,United States,anonymous,no,no,6 seconds ago
35.232.90.208,47777,US,United States,elite proxy,no,yes,6 seconds ago
27.255.49.114,8080,PK,Pakistan,anonymous,no,no,6 seconds ago
35.196.160.93,80,US,United States,elite proxy,no,yes,6 seconds ago
121.254.214.219,80,KR,"Korea, Republic of",anonymous,no,no,6 seconds ago
153.149.169.199,3128,JP,Japan,elite proxy,no,no,6 seconds ago
35.231.151.185,47777,US,United States,elite proxy,no,yes,6 seconds ago
159.65.145.235,8080,IN,India,elite proxy,no,yes,6 seconds ago
153.149.171.53,3128,JP,Japan,elite proxy,no,no,6 seconds ago
201.217.245.165,8080,AR,Argentina,anonymous,no,no,6 seconds ago
95.182.98.112,53281,RU,Russian Federation,elite proxy,no,yes,6 seconds ago
41.0.237.195,8080,ZA,South Africa,elite proxy,no,yes,6 seconds ago
208.88.252.30,3128,US,United States,anonymous,no,yes,6 seconds ago
5.45.87.146,1490,NL,Netherlands,anonymous,no,no,6 seconds ago
35.162.163.132,80,US,United States,elite proxy,no,yes,6 seconds ago
203.129.126.226,8080,JP,Japan,anonymous,no,yes,6 seconds ago
167.99.107.202,3128,US,United States,elite proxy,no,yes,6 seconds ago
139.255.57.32,8080,ID,Indonesia,anonymous,no,yes,6 seconds ago
20.184.8.84,80,SG,Singapore,elite proxy,no,no,6 seconds ago
51.15.227.220,3128,FR,France,elite proxy,no,yes,6 seconds ago
192.99.0.19,808,CA,Canada,elite proxy,no,yes,6 seconds ago
94.130.14.146,31288,DE,Germany,anonymous,no,yes,6 seconds ago
171.101.153.242,8080,TH,Thailand,anonymous,no,yes,6 seconds ago
91.205.239.120,8080,RU,Russian Federation,anonymous,no,no,6 seconds ago
35.204.161.98,3128,--,Unknown,elite proxy,no,yes,6 seconds ago
80.211.178.125,8080,IT,Italy,anonymous,no,no,6 seconds ago
187.188.168.51,52335,MX,Mexico,elite proxy,no,yes,6 seconds ago
14.207.180.129,80,TH,Thailand,elite proxy,no,no,6 seconds ago
104.198.104.101,47777,US,United States,elite proxy,no,yes,6 seconds ago
122.183.139.109,8080,IN,India,elite proxy,no,yes,6 seconds ago
35.224.197.190,47777,US,United States,elite proxy,no,yes,6 seconds ago
159.65.108.125,3128,US,United States,elite proxy,no,yes,6 seconds ago
35.230.154.112,80,US,United States,elite proxy,no,yes,6 seconds ago
35.229.102.67,47777,US,United States,elite proxy,no,yes,6 seconds ago
181.49.24.126,8081,CO,Colombia,anonymous,no,no,6 seconds ago
95.167.143.11,8080,RU,Russian Federation,anonymous,no,no,6 seconds ago
179.219.96.199,8080,BR,Brazil,anonymous,no,no,6 seconds ago
58.187.145.42,53281,VN,Vietnam,elite proxy,no,yes,6 seconds ago
51.15.86.88,3128,FR,France,elite proxy,no,yes,6 seconds ago
153.149.170.32,3128,JP,Japan,elite proxy,no,yes,6 seconds ago
66.119.180.104,80,CA,Canada,anonymous,no,no,6 seconds ago
128.199.125.54,1080,SG,Singapore,elite proxy,no,yes,6 seconds ago
35.231.247.87,47777,US,United States,elite proxy,no,yes,6 seconds ago
5.45.85.123,1490,NL,Netherlands,anonymous,no,no,6 seconds ago
35.203.180.53,47777,US,United States,elite proxy,no,yes,6 seconds ago
185.102.95.187,80,DE,Germany,anonymous,no,no,11 seconds ago
91.210.98.174,3128,RU,Russian Federation,elite proxy,no,yes,11 seconds ago
34.239.167.200,80,US,United States,anonymous,no,no,11 seconds ago
159.89.192.39,3128,SG,Singapore,elite proxy,no,yes,11 seconds ago
45.63.100.68,8080,GB,United Kingdom,elite proxy,no,yes,11 seconds ago
167.99.12.149,3128,US,United States,elite proxy,no,yes,11 seconds ago
159.89.191.201,3128,US,United States,elite proxy,no,yes,11 seconds ago
186.96.106.62,3128,CO,Colombia,elite proxy,no,yes,11 seconds ago
